{
    "lnglat": [-79.747266, 44.425934],
    "scale": 15500
}
