{
    "lnglat": [-1.258524, 53.019033],
    "scale": 12600
}
